{
    "files": {
        "/1.png": {
            "similarity": 4221,
            "length1": 5391,
            "length2": 5391,
            "rate": 0.7831168831168831
        },
        "/2.png": {
            "similarity": 14,
            "length1": 5391,
            "length2": 5391,
            "rate": 0.0025974025974025974
        },
        "/2023-11-06_18_15_46.json": {
            "similarity": 1,
            "length1": 29,
            "length2": 29,
            "rate": 1
        },
        "/a.docx": {
            "similarity": 18,
            "length1": 97,
            "length2": 95,
            "rate": 0.18947368421052632
        },
        "/Book1.xlsx": {
            "similarity": 1,
            "length1": 3,
            "length2": 3,
            "rate": 1
        },
        "/image.png": {
            "similarity": 5235,
            "length1": 5391,
            "length2": 5391,
            "rate": 0.9712430426716141
        }
    },
    "mean_rate": 0.5841326563408746,
    "folder1": "A",
    "folder2": "B"
}