{
    "files": {
        "/2023-11-06_18_15_46.json": {
            "similarity": 1,
            "length1": 29,
            "length2": 29,
            "rate": 1
        },
        "/a.docx": {
            "similarity": 18,
            "length1": 95,
            "length2": 97,
            "rate": 0.18947368421052632
        },
        "/Book1.xlsx": {
            "similarity": 1,
            "length1": 3,
            "length2": 3,
            "rate": 1
        }
    },
    "mean_rate": 0.39210526315789473,
    "folder1": "B",
    "folder2": "A"
}